热功率（MW）915.010925,电功率（MW）299.991913,主回路1冷却剂流量（kg/s）3612.538574,主回路2冷却剂流量（kg/s）3615.324707,主回路1热管段冷却剂温度（℃）306.852814,主回路2热管段冷却剂温度（℃）306.851501,主回路1冷管段冷却剂温度（℃）283.405212,主回路2冷管段冷却剂温度（℃）283.398712,主回路1蒸汽发生器二次侧压力（MPa）5.842700,主回路2蒸汽发生器二次侧压力（MPa）5.829300,主回路1蒸汽发生器水位（m）10.473400,主回路2蒸汽发生器水位（m）10.480000,主回路1蒸汽发生器给水流量（kg/s）246.581894,主回路2蒸汽发生器给水流量（kg/s）246.011307,与前值相同，未使用,与前值相同，未使用,主回路1蒸汽发生器给水温度（℃）212.815598,主回路2蒸汽发生器给水温度（℃）212.814499,恒定量，未使用,恒定量，未使用,主回路1蒸汽发生器蒸汽出口流量（kg/s）244.279297,主回路2蒸汽发生器蒸汽出口流量（kg/s）243.720703,主回路1蒸汽发生器蒸汽出口温度（℃）273.898285,主回路2蒸汽发生器蒸汽出口温度（℃）273.749512,稳压器压力（MPa）15.265100,稳压器水位（m）5.402600,好像是稳压器加热功率，因为变化观察不到规律，未使用,稳压器蒸汽空间温度（℃）357.856293,稳压器水空间温度（℃）337.480011
587.314392,180.889496,3619.855713,3623.721924,298.651886,298.648499,283.378204,283.250092,6.053600,6.068600,10.454600,10.454800,150.170395,151.033600,150.175903,151.027802,189.039398,189.039597,18.000000,18.000000,148.386200,149.239899,276.207397,276.368896,15.417100,4.944900,240.650696,357.891388,335.526611
587.301086,180.885498,3619.866699,3623.836670,298.651611,298.648102,283.378113,283.250000,6.054000,6.068700,10.454600,10.454800,150.223694,151.058899,150.260300,151.096695,189.037201,189.037399,18.000000,18.000000,148.436905,149.326096,276.212097,276.370789,15.417300,4.944800,235.084595,357.870697,335.527496
587.288208,180.882599,3619.854004,3623.718262,298.651611,298.647705,283.377899,283.249908,6.054200,6.068100,10.454600,10.454500,150.309998,151.157303,150.297302,151.155106,189.034607,189.034897,18.000000,18.000000,148.414795,149.278198,276.213898,276.363495,15.417100,4.944600,229.501297,357.879791,335.528015
587.273926,180.880997,3619.868652,3623.728027,298.650085,298.647308,283.377686,283.249603,6.053700,6.068300,10.454400,10.454500,150.276093,151.148499,150.294495,151.158401,189.032501,189.032700,18.000000,18.000000,148.345093,149.190002,276.207886,276.366486,15.417200,4.944400,224.079605,357.906799,335.528809
587.264893,180.875397,3619.874512,3623.859375,298.650604,298.646912,283.377594,283.249390,6.053800,6.068300,10.454300,10.454400,150.373306,151.218597,150.396500,151.244705,189.030197,189.030396,18.000000,18.000000,148.398193,149.275803,276.209595,276.365509,15.417400,4.944300,218.520599,357.872406,335.529388
587.257507,180.871902,3619.853271,3623.736328,298.650696,298.646393,283.377289,283.249115,6.054000,6.068100,10.454400,10.454300,150.432999,151.297699,150.443207,151.310699,189.027603,189.027802,18.000000,18.000000,148.417297,149.268204,276.212311,276.364105,15.417100,4.944200,212.944504,357.869293,335.529205
587.244385,180.869003,3619.875244,3623.701660,298.648987,298.645813,283.376801,283.248688,6.053700,6.068400,10.454200,10.454400,150.504593,151.369598,150.510696,151.367996,189.025101,189.025299,18.000000,18.000000,148.431702,149.289200,276.207397,276.367188,15.417200,4.944000,207.557205,357.898804,335.530701
587.238281,180.866898,3619.874268,3623.816162,298.649811,298.645294,283.376495,283.248413,6.053600,6.068500,10.454200,10.454400,150.520401,151.352493,150.542007,151.371994,189.022797,189.022995,18.000000,18.000000,148.395493,149.288406,276.207397,276.368988,15.417300,4.943900,201.995407,357.864197,335.530396
587.232727,180.863007,3619.871338,3623.723145,298.648590,298.644714,283.376007,283.247986,6.053900,6.068100,10.454300,10.454200,150.615295,151.450699,150.610504,151.455002,189.020294,189.020599,18.000000,18.000000,148.436401,149.314896,276.210388,276.362915,15.417000,4.943600,196.528000,357.891510,335.530609
587.227783,180.861099,3619.893066,3623.730713,298.647400,298.644104,283.375610,283.247498,6.054000,6.067900,10.454300,10.454200,150.572906,151.447495,150.589005,151.465805,189.018204,189.018402,18.000000,18.000000,148.397293,149.234207,276.211487,276.362610,15.417200,4.943500,191.079102,357.902588,335.531891
587.225403,180.855804,3619.897949,3623.856934,298.647705,298.643707,283.375397,283.247101,6.053900,6.068300,10.454300,10.454300,150.682602,151.559097,150.696396,151.569107,189.015900,189.016098,18.000000,18.000000,148.498505,149.346207,276.209808,276.366211,15.417200,4.943400,185.555893,357.875397,335.531799
587.225586,180.849503,3619.890137,3623.856934,298.648895,298.643188,283.374908,283.246613,6.053000,6.068500,10.454000,10.454400,150.684204,151.521500,150.687302,151.513504,189.013702,189.013901,18.000000,18.000000,148.338699,149.233505,276.201385,276.367798,15.417000,4.943200,180.015594,357.856415,335.530914
587.222473,180.850494,3619.880127,3623.789307,298.647614,298.642609,283.374298,283.245911,6.053700,6.067600,10.454100,10.454000,150.755798,151.594193,150.759399,151.609604,189.011703,189.011902,18.000000,18.000000,148.390396,149.267593,276.207886,276.358093,15.416700,4.943000,174.576797,357.872711,335.530304
587.216125,180.845505,3619.894531,3623.755371,298.645996,298.641998,283.373688,283.245300,6.053700,6.067900,10.454100,10.454100,150.770905,151.642807,150.803299,151.672897,189.009598,189.009796,18.000000,18.000000,148.445694,149.288895,276.207214,276.362488,15.416600,4.942800,169.236694,357.900085,335.530914
587.210693,180.827698,3619.919678,3623.877686,298.645294,298.641388,283.372894,283.244507,6.052900,6.067700,10.453900,10.454000,150.843201,151.693802,150.834900,151.683197,189.007294,189.007599,18.000000,18.000000,148.335297,149.210693,276.200012,276.358887,15.416700,4.942700,163.855103,357.881989,335.532104
587.211426,180.822693,3619.901855,3623.812500,298.644806,298.640686,283.372192,283.243805,6.053500,6.067700,10.454000,10.454000,150.876694,151.743301,150.913300,151.779907,189.005203,189.005493,18.000000,18.000000,148.448807,149.305695,276.205414,276.359985,15.416500,4.942500,158.317596,357.876190,335.531097
587.207397,180.820404,3619.923340,3623.769531,298.643707,298.640106,283.371490,283.243103,6.052700,6.067900,10.453800,10.454100,150.954102,151.799103,150.953995,151.791000,189.003006,189.003204,18.000000,18.000000,148.384003,149.268204,276.198212,276.362213,15.416300,4.942300,152.974594,357.900391,335.531799
587.209717,180.817001,3619.931885,3623.891846,298.642914,298.639496,283.371002,283.242401,6.053400,6.068000,10.454100,10.454200,151.019394,151.858795,151.042999,151.883301,189.000900,189.001099,18.000000,18.000000,148.512604,149.399796,276.204987,276.363190,15.416300,4.942100,147.597305,357.877014,335.531586
587.218323,180.817993,3619.923340,3623.889404,298.643402,298.638702,283.370209,283.241791,6.052800,6.068100,10.453900,10.454300,151.047104,151.882797,151.035294,151.861206,188.998795,188.998993,18.000000,18.000000,148.419601,149.312607,276.197601,276.364410,15.416000,4.942000,142.105606,357.865295,335.530609
587.217773,180.814407,3619.929443,3623.772217,298.641602,298.637909,283.369507,283.240997,6.052900,6.066900,10.454000,10.453900,151.002808,151.831207,150.993500,151.837906,188.997299,188.997604,18.000000,18.000000,148.284103,149.173706,276.199799,276.351013,15.415800,4.941800,136.776901,357.889191,335.530609
587.220520,180.806503,3619.941406,3623.798828,298.640289,298.637299,283.368713,283.240204,6.053200,6.067500,10.454100,10.454000,151.056900,151.925903,151.101303,151.970505,188.995804,188.996094,18.000000,18.000000,148.478500,149.329895,276.202393,276.357788,15.415700,4.941600,131.452606,357.894501,335.530487
587.224121,180.804794,3619.945313,3623.901855,298.641510,298.636688,283.367889,283.239288,6.053200,6.066900,10.454200,10.453900,151.160706,152.041794,151.142197,152.033203,188.993805,188.994003,18.000000,18.000000,148.464294,149.309204,276.203491,276.350800,15.415700,4.941500,126.060997,357.860901,335.529999
587.229370,180.802002,3619.935303,3623.814209,298.640686,298.635986,283.367096,283.238403,6.052700,6.067300,10.454000,10.454100,151.118805,152.018600,151.137497,152.024094,188.992096,188.992401,18.000000,18.000000,148.414001,149.250900,276.196198,276.355804,15.415200,4.941300,120.617897,357.869904,335.529205
587.232178,180.798096,3619.956787,3623.709229,298.638794,298.635315,283.366089,283.237396,6.052400,6.067100,10.454000,10.454000,151.173492,152.024307,151.186600,152.038803,188.990707,188.990906,18.000000,18.000000,148.375000,149.263702,276.195007,276.352814,15.415000,4.941100,115.372200,357.898895,335.529388
587.232117,180.793396,3619.972168,3623.865234,298.638214,298.634613,283.365204,283.236603,6.052800,6.066800,10.454100,10.454000,151.230606,152.105896,151.240005,152.117798,188.989105,188.989304,18.000000,18.000000,148.445099,149.296600,276.199097,276.350891,15.414900,4.940900,110.072098,357.881500,335.529510
587.239990,180.791107,3619.967041,3623.892334,298.638885,298.633911,283.364288,283.235687,6.052300,6.067200,10.454000,10.454200,151.303894,152.174606,151.302307,152.163498,188.987503,188.987701,18.000000,18.000000,148.462296,149.326508,276.192291,276.354614,15.414600,4.940800,104.692001,357.853912,335.528107
587.245117,180.788895,3619.975830,3623.843506,298.636597,298.632904,283.363190,283.234497,6.052100,6.066700,10.454000,10.454100,151.282501,152.118896,151.287399,152.129593,188.986206,188.986496,18.000000,18.000000,148.357697,149.251297,276.192108,276.348602,15.414300,4.940600,99.440598,357.872711,335.527313
587.244629,180.783493,3619.996582,3623.873779,298.636200,298.632202,283.362213,283.233612,6.052500,6.066600,10.454200,10.454100,151.320404,152.187393,151.337997,152.207397,188.985107,188.985306,18.000000,18.000000,148.466003,149.317993,276.195496,276.348999,15.414100,4.940400,94.183403,357.879791,335.527496
587.252380,180.780899,3619.993896,3623.937256,298.636108,298.631500,283.361298,283.232697,6.052600,6.066900,10.454200,10.454300,151.400101,152.272797,151.408096,152.279404,188.983704,188.983902,18.000000,18.000000,148.523804,149.379105,276.194214,276.350891,15.414000,4.940200,88.913399,357.848511,335.526398
587.265015,180.780502,3619.987793,3623.915771,298.635406,298.630707,283.360413,283.231689,6.051500,6.067000,10.454000,10.454500,151.387207,152.230392,151.377304,152.207794,188.982605,188.982803,18.000000,18.000000,148.356506,149.255402,276.184387,276.352203,15.413500,4.940100,83.609100,357.849304,335.524811
587.269714,180.775803,3620.005127,3623.874268,298.633911,298.629700,283.359314,283.230713,6.052000,6.067000,10.454200,10.454500,151.430099,152.247299,151.460907,152.279007,188.981796,188.982101,18.000000,18.000000,148.493805,149.404907,276.190094,276.351288,15.413000,4.939800,78.393501,357.873901,335.524506
587.275574,180.774994,3620.015625,3623.930420,298.633301,298.628815,283.358185,283.229614,6.052200,6.065800,10.454400,10.454100,151.449997,152.298294,151.418793,152.283905,188.980896,188.981094,18.000000,18.000000,148.365295,149.220093,276.191711,276.338104,15.412900,4.939700,73.276497,357.847687,335.524292
587.289124,180.769394,3620.009277,3623.941650,298.633789,298.628204,283.357208,283.228607,6.052300,6.066400,10.454500,10.454400,151.430496,152.317398,151.470993,152.357498,188.980301,188.980499,18.000000,18.000000,148.534698,149.371201,276.192413,276.345886,15.412700,4.939500,67.989403,357.829315,335.522614
587.300415,180.768906,3620.021729,3623.851563,298.631592,298.627289,283.355988,283.227112,6.051200,6.065800,10.454200,10.454200,151.502106,152.381393,151.466904,152.340500,188.979401,188.979599,18.000000,18.000000,148.293900,149.154099,276.179413,276.337585,15.412100,4.939300,62.772301,357.864014,335.522095
587.298218,180.761093,3620.050293,3623.972656,298.629913,298.626495,283.354889,283.226013,6.051600,6.066100,10.454300,10.454300,151.452805,152.318207,151.513794,152.378906,188.979095,188.979294,18.000000,18.000000,148.479797,149.349899,276.186798,276.343201,15.411800,4.939100,57.741199,357.859192,335.521515
587.308899,180.758896,3620.046387,3623.990967,298.630798,298.625610,283.353607,283.224915,6.051200,6.065700,10.454200,10.454300,151.629807,152.494095,151.607407,152.470306,188.977905,188.978104,18.000000,18.000000,148.406601,149.275406,276.178986,276.336395,15.411600,4.938900,52.542702,357.825012,335.519989
587.319519,180.754807,3620.043457,3623.904053,298.629608,298.624695,283.352386,283.223602,6.051200,6.065700,10.454400,10.454400,151.532501,152.392593,151.560898,152.421494,188.977402,188.977707,18.000000,18.000000,148.421600,149.292603,276.182495,276.339294,15.411100,4.938800,47.305599,357.834503,335.518188
587.324829,180.751205,3620.062256,3623.889404,298.627594,298.623810,283.351288,283.222504,6.051500,6.066000,10.454500,10.454600,151.686798,152.549103,151.691895,152.553894,188.976700,188.976898,18.000000,18.000000,148.570602,149.441101,276.184296,276.341400,15.410700,4.938600,42.310200,357.854889,335.518585
587.333679,180.753494,3620.072998,3623.981201,298.627106,298.622894,283.350311,283.221497,6.051500,6.066100,10.454800,10.454900,151.677307,152.539093,151.670593,152.531006,188.975998,188.976196,18.000000,18.000000,148.544296,149.416794,276.183685,276.342590,15.410400,4.938400,37.239101,357.827911,335.517090
587.349121,180.754196,3620.067627,3623.946533,298.626190,298.621887,283.349213,283.220398,6.050400,6.065200,10.454500,10.454700,151.628906,152.471802,151.585495,152.427795,188.975998,188.976196,18.000000,18.000000,148.244003,149.132004,276.171204,276.329590,15.409900,4.938200,32.076401,357.831696,335.515106
587.359314,180.745193,3620.087402,3623.923584,298.624695,298.620789,283.347900,283.219208,6.051000,6.065200,10.454700,10.454700,151.549698,152.411896,151.611099,152.477402,188.976807,188.977005,18.000000,18.000000,148.464600,149.326508,276.179688,276.334686,15.409500,4.938000,27.082399,357.845215,335.514587
587.369812,180.741501,3620.096191,3624.037109,298.624603,298.620209,283.346710,283.217896,6.051100,6.065100,10.454800,10.454600,151.756805,152.626694,151.746399,152.624802,188.976303,188.976501,18.000000,18.000000,148.527405,149.379303,276.179413,276.328491,15.409200,4.937800,22.055599,357.812012,335.513000
587.381714,180.741196,3620.089355,3624.016602,298.624908,298.619293,283.345398,283.216492,6.050200,6.064900,10.454600,10.454800,151.647293,152.533707,151.638397,152.512604,188.976196,188.976501,18.000000,18.000000,148.337204,149.192596,276.168793,276.331787,15.408800,4.937700,16.962999,357.801208,335.511108
587.390930,180.735504,3620.099609,3623.960205,298.622314,298.618286,283.344086,283.215088,6.050500,6.065000,10.454800,10.454800,151.742096,152.593903,151.771606,152.628006,188.976395,188.976593,18.000000,18.000000,148.515396,149.397293,276.174286,276.328491,15.408100,4.937500,11.931900,357.821991,335.509399
587.395386,180.735504,3620.123047,3624.007568,298.621613,298.617401,283.342804,283.213989,6.050000,6.064400,10.454800,10.454800,151.732101,152.603897,151.712601,152.581497,188.976303,188.976593,18.000000,18.000000,148.361801,149.220795,276.167511,276.325989,15.407800,4.937300,7.063900,357.821808,335.508911
587.408813,180.729599,3620.133545,3624.059326,298.620209,298.616394,283.341614,283.212708,6.050300,6.064900,10.455000,10.455100,151.771103,152.625107,151.805801,152.661407,188.976700,188.976898,18.000000,18.000000,148.546707,149.426193,276.171692,276.329895,15.407400,4.937100,2.080000,357.809296,335.507294
587.420776,180.730896,3620.127441,3624.039063,298.620514,298.615509,283.340393,283.211487,6.049800,6.065000,10.454900,10.455200,151.828995,152.674301,151.814804,152.652695,188.976700,188.977005,18.000000,18.000000,148.453003,149.347305,276.164215,276.328308,15.407100,4.937000,0.000000,357.787598,335.505402
587.435791,180.729004,3620.135010,3624.005859,298.618896,298.614410,283.338989,283.210297,6.050000,6.064000,10.455200,10.455100,151.744003,152.589798,151.737595,152.596497,188.977402,188.977600,18.000000,18.000000,148.384094,149.256195,276.168915,276.319702,15.406400,4.936800,0.000000,357.803314,335.503693
587.444580,180.724396,3620.154297,3623.999023,298.617004,298.613495,283.337799,283.209015,6.050200,6.064500,10.455300,10.455300,151.810898,152.682205,151.835007,152.708298,188.978104,188.978302,18.000000,18.000000,148.579895,149.435196,276.170288,276.325195,15.405900,4.936500,0.000000,357.810394,335.503113
587.454895,180.725906,3620.166748,3624.147461,298.617004,298.612488,283.336609,283.207794,6.049400,6.064600,10.455200,10.455600,151.835098,152.700195,151.816101,152.669098,188.978500,188.978699,18.000000,18.000000,148.443207,149.325806,276.159485,276.326294,15.405600,4.936400,0.000000,357.783813,335.501312
587.472717,180.723495,3620.157715,3624.111572,298.617004,298.611694,283.335388,283.206512,6.049500,6.064700,10.455500,10.455700,151.791306,152.616898,151.813400,152.640396,188.979507,188.979706,18.000000,18.000000,148.502502,149.416306,276.164703,276.327209,15.405200,4.936200,0.000000,357.762085,335.499390
587.481384,180.723801,3620.162842,3624.013184,298.615387,298.610687,283.333893,283.205109,6.049600,6.063800,10.455500,10.455400,151.860794,152.700394,151.832794,152.683899,188.980301,188.980499,18.000000,18.000000,148.428299,149.308395,276.161713,276.314301,15.404400,4.936100,0.000000,357.778290,335.498108
587.489014,180.720398,3620.190186,3624.010986,298.613586,298.609589,283.332489,283.203613,6.049100,6.063900,10.455500,10.455600,151.725403,152.587906,151.776093,152.635605,188.981995,188.982193,18.000000,18.000000,148.347900,149.216003,276.157806,276.318207,15.403900,4.935800,0.000000,357.793610,335.497803
587.494629,180.714096,3620.191406,3624.101318,298.613190,298.608795,283.331207,283.202209,6.049200,6.063500,10.455500,10.455500,151.913193,152.779404,151.893997,152.764801,188.982605,188.982803,18.000000,18.000000,148.552597,149.428894,276.159485,276.314911,15.403400,4.935700,0.000000,357.754486,335.495514
587.511230,180.715698,3620.185791,3624.042725,298.612610,298.607697,283.329712,283.200714,6.048800,6.063400,10.455500,10.455600,151.792297,152.666199,151.807007,152.678497,188.983597,188.983795,18.000000,18.000000,148.346802,149.212097,276.154602,276.312500,15.402800,4.935500,0.000000,357.764191,335.493286
587.521729,180.710007,3620.212891,3624.060303,298.609894,298.606598,283.328400,283.199402,6.049100,6.063700,10.455700,10.455800,151.937393,152.809998,151.942596,152.814102,188.984299,188.984497,18.000000,18.000000,148.605103,149.478195,276.158813,276.316498,15.402500,4.935300,0.000000,357.783295,335.492493
587.533630,180.713501,3620.221680,3624.117188,298.609802,298.605499,283.327209,283.198212,6.048300,6.062800,10.455700,10.455700,151.847107,152.716904,151.811798,152.682297,188.985306,188.985504,18.000000,18.000000,148.335800,149.209305,276.149506,276.306702,15.402100,4.935100,0.000000,357.758301,335.491089
587.549927,180.707001,3620.218750,3624.124023,298.609314,298.604492,283.325897,283.197113,6.048800,6.063300,10.455900,10.455900,151.882507,152.756195,151.928497,152.802200,188.986694,188.987000,18.000000,18.000000,148.546005,149.416306,276.155609,276.312408,15.401400,4.935000,0.000000,357.740204,335.489288
587.568298,180.707504,3620.222656,3624.125488,298.608307,298.603607,283.324707,283.195709,6.048100,6.062900,10.455800,10.456000,151.922806,152.784195,151.889999,152.749496,188.987701,188.987900,18.000000,18.000000,148.463699,149.346298,276.147614,276.308411,15.400900,4.934800,0.000000,357.745300,335.487000
587.581116,180.705399,3620.235840,3624.048584,298.607208,298.602509,283.323395,283.194489,6.048500,6.062700,10.456100,10.456000,151.844406,152.717896,151.872192,152.748093,188.989395,188.989594,18.000000,18.000000,148.434296,149.304092,276.151398,276.305695,15.400500,4.934500,0.000000,357.758789,335.485992
587.595093,180.703094,3620.260010,3624.156982,298.605408,298.601593,283.322113,283.193207,6.048700,6.063000,10.456300,10.456300,151.940002,152.816696,151.940094,152.817596,188.990601,188.990799,18.000000,18.000000,148.602203,149.467300,276.153412,276.309296,15.400200,4.934400,0.000000,357.747101,335.485291
587.605103,180.706299,3620.258789,3624.190918,298.605499,298.600586,283.320892,283.191895,6.047700,6.062200,10.456200,10.456300,151.882095,152.757004,151.836105,152.708603,188.992096,188.992294,18.000000,18.000000,148.407700,149.274307,276.143707,276.301086,15.399600,4.934200,0.000000,357.721588,335.483612
587.621887,180.702805,3620.263916,3624.148926,298.603912,298.599701,283.319397,283.190491,6.048100,6.062600,10.456400,10.456400,151.823898,152.692795,151.878204,152.747406,188.994202,188.994507,18.000000,18.000000,148.458206,149.330505,276.147400,276.304291,15.399000,4.934000,0.000000,357.731506,335.481812
587.631470,180.700104,3620.280518,3624.115723,298.602905,298.598785,283.318115,283.189087,6.048300,6.062700,10.456600,10.456600,151.953003,152.822403,151.946503,152.816101,188.995499,188.995697,18.000000,18.000000,148.625595,149.496902,276.149292,276.305908,15.398700,4.933800,0.000000,357.741608,335.480988
587.637817,180.703506,3620.284180,3624.193604,298.602600,298.597992,283.316803,283.187805,6.048300,6.061600,10.456800,10.456500,151.860596,152.759705,151.828400,152.736496,188.997101,188.997406,18.000000,18.000000,148.473297,149.310196,276.149597,276.294495,15.398100,4.933700,0.000000,357.708496,335.479095
587.655029,180.701797,3620.283447,3624.173584,298.601501,298.596893,283.315399,283.186401,6.047100,6.062300,10.456500,10.456800,151.821304,152.700394,151.836197,152.700897,188.999298,188.999496,18.000000,18.000000,148.420395,149.286102,276.136414,276.301514,15.397600,4.933500,0.000000,357.717712,335.476990
587.666809,180.698303,3620.298584,3624.188721,298.600494,298.595795,283.313995,283.185089,6.047700,6.062400,10.456700,10.456900,151.907394,152.756500,151.933502,152.781693,189.001205,189.001404,18.000000,18.000000,148.579193,149.474701,276.142609,276.302795,15.397200,4.933300,0.000000,357.714691,335.475586
587.677612,180.699402,3620.315186,3624.219238,298.599304,298.594696,283.312408,283.183685,6.047000,6.061900,10.456600,10.456800,151.922104,152.759293,151.888901,152.725998,189.002808,189.003006,18.000000,18.000000,148.432999,149.328903,276.134796,276.295410,15.396800,4.933100,0.000000,357.707489,335.474396
587.693176,180.698700,3616.985596,3624.793701,298.603302,298.593506,283.311005,283.182312,6.047300,6.061500,10.456800,10.456800,151.815308,152.673401,151.842896,152.705505,189.005005,189.005203,18.000000,18.000000,148.430603,149.299606,276.139099,276.293793,15.395700,4.931200,0.000000,357.713501,335.475403
587.729980,180.694702,3619.810303,3624.288574,299.000885,298.584991,283.304291,283.175415,6.048800,6.061700,10.457900,10.456900,151.962906,152.865601,151.965805,152.905396,189.006500,189.006699,18.000000,18.000000,148.800797,149.630997,276.155701,276.293610,15.366900,4.912900,0.000000,357.387085,335.495697
587.903076,180.702805,3619.739502,3624.190186,298.980713,298.575409,283.295288,283.166809,6.049500,6.060800,10.459900,10.457000,151.756195,152.853394,151.719696,152.828705,189.008194,189.008408,18.000000,18.000000,148.703705,149.437805,276.164307,276.286011,15.336800,4.892500,0.000000,357.049591,335.499908
587.880127,180.707596,3619.645996,3624.126709,298.983002,298.566193,283.289307,283.159485,6.051900,6.061300,10.463500,10.457400,151.684204,152.919006,151.667801,152.959000,189.010498,189.010696,18.000000,18.000000,149.098602,149.737900,276.190094,276.290100,15.308400,4.871500,0.000000,356.737793,335.489990
587.619202,180.722900,3619.394287,3623.986816,298.981598,298.559387,283.292999,283.153595,6.053700,6.060200,10.468300,10.457400,151.634293,152.942993,151.627899,152.902206,189.012894,189.013000,18.000000,18.000000,149.127106,149.622498,276.210297,276.277893,15.280800,4.850000,0.000000,356.430511,335.472412
587.192383,180.738007,3618.944092,3623.878662,298.976410,298.552704,283.316711,283.148804,6.056500,6.060300,10.474300,10.457800,150.978897,152.915100,151.055695,152.929901,189.016602,189.016800,18.000000,18.000000,149.392197,149.714005,276.240509,276.279785,15.253500,4.828500,0.000000,356.117706,335.450012
586.694519,180.755905,3618.298340,3623.760254,298.968903,298.545013,283.358307,283.144592,6.058400,6.060400,10.480200,10.458200,151.158997,152.936905,151.158707,152.897598,189.020004,189.020096,18.000000,18.000000,149.544693,149.731293,276.260010,276.281006,15.226600,4.807000,0.000000,355.808411,335.425598
586.197021,180.778702,3617.654785,3623.604980,298.960693,298.536804,283.397308,283.140289,6.060500,6.059600,10.486100,10.458200,151.141495,152.811905,150.970001,152.819504,189.023300,189.023407,18.000000,18.000000,149.555298,149.612595,276.283600,276.270691,15.199800,4.785500,0.000000,355.503387,335.400208
585.706970,180.798004,3617.126709,3623.494385,298.954712,298.530304,283.426514,283.135986,6.062300,6.058900,10.491300,10.458100,149.927094,152.942505,149.631393,152.975098,189.028107,189.028198,18.000000,18.000000,149.536804,149.410400,276.302490,276.265686,15.173100,4.764100,0.000000,355.198486,335.373810
585.135925,180.837799,3616.681152,3623.355225,298.952911,298.528107,283.448608,283.130707,6.064000,6.059100,10.495900,10.458100,148.878204,153.045197,148.614105,153.071793,189.034500,189.034607,18.000000,18.000000,149.746201,149.519501,276.321014,276.265686,15.146400,4.741400,0.000000,354.876312,335.345215
584.340027,180.851898,3616.326904,3623.257324,298.955109,298.529205,283.463715,283.125885,6.065500,6.058400,10.499600,10.457900,147.753296,153.170593,147.493698,153.199402,189.041901,189.042099,18.000000,18.000000,149.656601,149.297699,276.337189,276.259796,15.119700,4.720100,15.523900,354.570801,335.317902
583.307129,180.866104,3616.023438,3623.148682,298.956787,298.529907,283.475494,283.121002,6.067000,6.058800,10.502800,10.457900,146.865204,153.258102,146.657196,153.277496,189.050201,189.050400,18.000000,18.000000,149.847595,149.401001,276.353699,276.263489,15.093100,4.698800,33.090599,354.265686,335.290009
582.150085,180.887299,3615.752686,3623.018799,298.955811,298.527008,283.484985,283.116089,6.068300,6.058000,10.505700,10.457500,145.966400,153.351700,145.731400,153.379303,189.058899,189.059204,18.000000,18.000000,149.755798,149.205200,276.368011,276.254211,15.066300,4.677400,51.612900,353.969910,335.262299
580.985901,180.904205,3615.494873,3622.879150,298.949890,298.518585,283.493408,283.111786,6.069900,6.058400,10.508400,10.457500,145.143097,153.441406,144.974899,153.456299,189.068405,189.068695,18.000000,18.000000,149.921402,149.269699,276.384796,276.258911,15.039600,4.656000,71.143600,353.666595,335.234009
576.752075,180.925598,3615.221436,3622.746582,298.938995,298.504486,283.501801,283.108093,6.071100,6.058400,10.511100,10.457500,144.399796,153.509598,144.195404,153.529205,189.078094,189.078506,18.000000,18.000000,149.961594,149.237305,276.397797,276.258606,15.012700,4.634600,91.662903,353.361603,335.204895
575.485718,180.945496,3615.012939,3622.610107,298.924713,298.486115,283.510712,283.105194,6.072700,6.057500,10.513900,10.457200,143.543106,153.601700,143.322098,153.627899,189.088196,189.088593,18.000000,18.000000,149.907593,149.073700,276.414307,276.249298,14.985800,4.612900,113.207802,353.068207,335.176697
575.018188,180.962799,3614.755371,3622.418457,298.901886,298.456207,283.520111,283.102692,6.074000,6.058100,10.516700,10.457300,142.738907,153.686401,142.556595,153.701904,189.098801,189.099197,18.000000,18.000000,150.080307,149.154297,276.428589,276.255493,14.958500,4.591100,135.824203,352.769806,335.147400
574.660095,180.984802,3614.477783,3622.246582,298.861511,298.410706,283.529388,283.099792,6.075300,6.057300,10.519600,10.457000,141.902496,153.766693,141.656906,153.794693,189.109802,189.110199,18.000000,18.000000,150.029495,149.018707,276.442505,276.246613,14.931000,4.569000,159.590698,352.458801,335.116913
574.326782,181.003693,3614.185547,3622.088135,298.822388,298.369385,283.538300,283.096313,6.076700,6.057400,10.522500,10.456900,140.955795,153.873306,140.752304,153.892700,189.121506,189.121994,18.000000,18.000000,150.098099,148.978195,276.457397,276.248108,14.903300,4.547000,184.423004,352.142792,335.085114
571.332214,181.024796,3613.878174,3621.928223,298.789886,298.337006,283.546600,283.091614,6.077800,6.057100,10.525300,10.456600,140.110504,153.952896,139.867599,153.978195,189.133698,189.134201,18.000000,18.000000,150.139893,148.946304,276.468811,276.243896,14.875600,4.525200,210.238007,351.821899,335.052490
570.320313,181.044403,3613.638916,3621.828369,298.765900,298.313599,283.553497,283.085297,6.079000,6.056300,10.528100,10.456200,139.097900,154.067001,138.860901,154.093903,189.146698,189.147202,18.000000,18.000000,150.059906,148.757401,276.481812,276.236298,14.848100,4.503400,237.007202,351.507813,335.020691
570.120728,181.060898,3613.409180,3621.738770,298.743805,298.289398,283.558502,283.076691,6.080000,6.056500,10.530700,10.455900,138.227402,154.157104,138.008194,154.177994,189.160095,189.160706,18.000000,18.000000,150.188797,148.807999,276.492004,276.238586,14.820500,4.481600,264.744812,351.195892,334.988098
569.906921,181.080399,3613.182129,3621.639648,298.710205,298.253998,283.561005,283.064606,6.080800,6.055400,10.533300,10.455100,137.305405,154.250107,137.046799,154.281494,189.173904,189.174500,18.000000,18.000000,150.059601,148.587799,276.503204,276.222290,14.793000,4.458400,293.493805,350.862213,334.953308
569.602417,181.093796,3612.966309,3621.569580,298.679596,298.223389,283.561890,283.052094,6.081900,6.054800,10.535700,10.454700,136.301498,154.375000,136.098297,154.397202,189.188507,189.189102,18.000000,18.000000,150.119202,148.529602,276.514099,276.221191,14.765500,4.436700,323.205505,350.545990,334.919800
567.186096,181.107300,3612.754395,3621.511963,298.653687,298.198608,283.562286,283.039703,6.082600,6.054500,10.538000,10.454200,135.511002,154.454300,135.283401,154.478897,189.203201,189.203903,18.000000,18.000000,150.162796,148.505005,276.521912,276.212585,14.738100,4.415200,353.882813,350.226501,334.885803
565.719177,181.121307,3612.575928,3621.468750,298.633392,298.178497,283.563293,283.028015,6.083600,6.053400,10.540300,10.453700,134.532196,154.569901,134.304092,154.597000,189.218506,189.219193,18.000000,18.000000,150.104797,148.340302,276.532013,276.205292,14.710800,4.393700,385.479889,349.917389,334.852814
565.468323,181.132507,3612.390625,3621.395996,298.611115,298.154297,283.564392,283.016602,6.084300,6.053300,10.542500,10.453500,133.707703,154.658096,133.493896,154.680206,189.234207,189.235001,18.000000,18.000000,150.212601,148.376297,276.539215,276.200287,14.683600,4.372200,418.026886,349.609497,334.819794
565.343872,181.146606,3612.197266,3621.288574,298.578796,298.119812,283.565002,283.004791,6.085000,6.051900,10.544700,10.453100,132.749893,154.768097,132.505402,154.798203,189.250397,189.251205,18.000000,18.000000,150.095993,148.161896,276.547607,276.188293,14.656300,4.350700,450.000000,349.301788,334.786102
565.198975,181.155594,3611.988525,3621.238037,298.544312,298.084808,283.565308,282.992706,6.085800,6.052000,10.546800,10.453200,131.887497,154.865799,131.688400,154.885193,189.267303,189.268097,18.000000,18.000000,150.271500,148.260498,276.555511,276.189087,14.629100,4.329300,450.000000,348.986908,334.751587
563.766174,181.163101,3611.771729,3621.148193,298.515015,298.056000,283.565704,282.981110,6.086300,6.050500,10.549000,10.452800,130.997406,154.958893,130.729202,154.992493,189.284607,189.285400,18.000000,18.000000,150.105606,148.015701,276.561401,276.170105,14.601900,4.308000,450.000000,348.666992,334.715515
561.855774,181.168793,3611.567139,3621.103760,298.490997,298.033386,283.566498,282.969788,6.087200,6.050100,10.551100,10.452900,130.002701,155.083496,129.812393,155.103500,189.302505,189.303406,18.000000,18.000000,150.236496,148.041901,276.570404,276.170013,14.574800,4.286800,450.000000,348.356415,334.679993
561.690918,181.179306,3611.394287,3621.003662,298.469910,298.011688,283.566986,282.958191,6.087700,6.049100,10.553000,10.452700,129.200897,155.165695,128.952194,155.195206,189.320801,189.321793,18.000000,18.000000,150.194702,147.929703,276.575592,276.154388,14.547700,4.265700,1350.000122,348.051910,334.646088
561.682800,181.188202,3611.212891,3620.957275,298.443695,297.983002,283.566498,282.945404,6.088200,6.048200,10.554900,10.452700,128.196396,155.290604,127.982002,155.315399,189.339706,189.340698,18.000000,18.000000,150.168396,147.803207,276.580994,276.148895,14.521100,4.244600,1350.000122,347.743591,334.623810
561.583923,181.195297,3611.031738,3620.886475,298.412689,297.951202,283.565186,282.932007,6.088700,6.048100,10.556600,10.452800,127.410301,155.373306,127.206596,155.393707,189.358994,189.360001,18.000000,18.000000,150.295105,147.876999,276.586212,276.143494,14.495000,4.223600,1350.000122,347.442810,334.598206
561.409973,181.206299,3610.397949,3620.863281,298.386902,297.925110,283.563690,282.918488,6.089100,6.046000,10.558600,10.452400,126.473701,155.483307,126.213501,155.518204,189.378601,189.379700,18.000000,18.000000,150.116104,147.591095,276.596710,276.122986,14.469000,4.202400,1350.000122,347.182892,334.573914
561.146912,181.211105,3610.250488,3620.880371,298.368408,297.904388,283.562012,282.905609,6.090400,6.046000,10.560800,10.452600,125.624100,155.589203,125.431503,155.608093,189.398804,189.399902,18.000000,18.000000,150.419693,147.779694,276.608093,276.122192,14.442800,4.181300,1350.000122,346.887207,334.541809
560.811279,181.224792,3610.542969,3620.724854,298.367615,297.886688,283.553009,282.892303,6.092000,6.044100,10.563600,10.452400,124.715897,155.690704,124.420898,155.727798,189.419296,189.420395,18.000000,18.000000,150.370499,147.590607,276.623291,276.102112,14.416600,4.159800,1350.000122,346.549591,334.511688
560.435425,181.235306,3609.870850,3620.724365,298.334106,297.870697,283.530396,282.878387,6.093500,6.043900,10.566700,10.452800,123.646797,155.819305,123.408302,155.843307,189.440598,189.441696,18.000000,18.000000,150.636795,147.705093,276.642914,276.101501,14.390200,4.138500,1350.000122,346.314606,334.487915
560.022522,181.253098,3610.541016,3620.894775,298.336090,297.855011,283.497406,282.863892,6.095200,6.042300,10.569900,10.452700,122.592201,155.928604,122.271896,155.967606,189.462601,189.463806,18.000000,18.000000,150.611603,147.528107,276.657013,276.079315,14.364000,4.117400,1350.000122,346.072998,334.439392
559.581909,181.268494,3610.848877,3620.579834,298.322205,297.837799,283.457306,282.848999,6.097100,6.041400,10.573100,10.453100,121.292900,156.087601,121.044800,156.114807,189.485703,189.486893,18.000000,18.000000,150.752106,147.476898,276.672607,276.075500,14.337300,4.096300,1350.000122,345.620209,334.406586
559.108276,181.285507,3610.837891,3620.469238,298.308685,297.816986,283.420990,282.834808,6.098800,6.040800,10.576000,10.453300,120.184700,156.129898,119.927101,156.162094,189.509506,189.510696,18.000000,18.000000,150.913803,147.520996,276.699188,276.063599,14.310200,4.074400,1350.000122,345.432587,334.387787
558.678589,181.307205,3611.062256,3620.475586,298.269287,297.790497,283.387085,282.821014,6.100000,6.038900,10.578200,10.453400,119.035698,156.141098,118.712303,156.085495,189.534103,189.535294,18.000000,18.000000,150.759003,147.172104,276.708588,276.047699,14.284300,4.053100,1350.000122,345.194611,334.351898
558.371521,181.322800,3611.308350,3620.374268,298.236298,297.759491,283.350586,282.807892,6.101000,6.039000,10.579400,10.453800,117.973099,156.065399,117.769096,156.078400,189.559494,189.560699,18.000000,18.000000,150.926895,147.236404,276.719391,276.046112,14.257400,4.032100,1350.000122,344.728607,334.322296
558.205200,181.342697,3611.434326,3620.192383,298.201508,297.725311,283.321991,282.795197,6.101800,6.037000,10.580000,10.453600,117.089699,156.016098,116.852303,155.973297,189.584702,189.585999,18.000000,18.000000,150.743103,146.937103,276.728485,276.025391,14.229400,4.011100,1350.000122,344.498688,334.285706
558.202026,181.354599,3611.437500,3620.239258,298.165009,297.691193,283.306000,282.782593,6.103100,6.036800,10.580200,10.453900,116.313202,155.955597,116.187103,155.984406,189.609894,189.611206,18.000000,18.000000,150.951294,147.020706,276.741608,276.024994,14.204100,3.990400,1350.000122,344.230988,334.249512
558.270386,181.349106,3611.299072,3620.095703,298.128601,297.657990,283.301910,282.769409,6.103800,6.035300,10.580200,10.453600,115.747101,155.990799,115.559303,155.955002,189.634003,189.635300,18.000000,18.000000,150.828003,146.796097,276.748901,276.004608,14.177400,3.970000,1350.000122,343.795593,334.219391
558.371826,181.356995,3611.066406,3619.981934,298.095001,297.627686,283.302490,282.755707,6.104900,6.034500,10.580200,10.453600,115.048103,155.885300,114.935600,155.908203,189.657700,189.658997,18.000000,18.000000,150.920898,146.751297,276.761902,276.000305,14.149900,3.949600,1350.000122,343.557587,334.182495
558.509827,181.378494,3610.825684,3619.982422,298.064606,297.601288,283.304108,282.739899,6.105700,6.032700,10.580100,10.453300,114.445503,155.956696,114.263496,155.918304,189.685898,189.687195,18.000000,18.000000,150.893295,146.624695,276.767395,275.982086,14.118300,3.928400,1350.000122,343.257904,334.144012
558.605774,181.389999,3610.627197,3620.191406,298.042114,297.582886,283.305603,282.723999,6.106800,6.032100,10.580200,10.453300,113.813004,155.888702,113.714500,155.922897,189.708206,189.709503,18.000000,18.000000,150.899094,146.501404,276.778687,275.974701,14.091400,3.908700,1350.000122,342.912292,334.110291
558.553772,181.394104,3610.405029,3619.921875,298.024902,297.570099,283.306488,282.707397,6.107400,6.030800,10.580300,10.453100,113.369301,155.977905,113.200699,155.955307,189.729401,189.730698,18.000000,18.000000,150.988098,146.500504,276.785095,275.962006,14.066900,3.889200,1350.000122,342.451385,334.078796
558.354675,181.398499,3610.195801,3619.947510,298.012695,297.560699,283.307404,282.690704,6.108000,6.029500,10.580600,10.452900,112.668999,155.866898,112.538399,155.874207,189.750504,189.751801,18.000000,18.000000,150.823807,146.207703,276.791992,275.946014,14.041300,3.869900,1350.000122,342.342102,334.042297
558.018127,181.397202,3610.013672,3620.152100,298.001587,297.552399,283.308289,282.674591,6.108700,6.029300,10.580900,10.453200,112.230400,155.960602,112.104202,155.965607,189.770996,189.772400,18.000000,18.000000,151.069595,146.366898,276.799286,275.944611,14.015200,3.850800,1350.000122,342.010712,334.008698
557.573608,181.404495,3609.789795,3619.910156,297.988495,297.542999,283.309296,282.658813,6.109200,6.027000,10.581300,10.452900,111.574402,155.865494,111.386398,155.823196,189.791306,189.792694,18.000000,18.000000,150.847504,146.048004,276.804413,275.919403,13.989900,3.831800,1350.000122,341.566010,333.974609
557.099121,181.404007,3609.567871,3619.873535,297.972992,297.531006,283.310699,282.644196,6.110000,6.027100,10.581800,10.453400,111.008598,155.840897,110.911697,155.867905,189.811798,189.813095,18.000000,18.000000,151.067001,146.149200,276.813812,275.920197,13.961500,3.813100,1350.000122,341.430115,333.922607
556.623413,181.409500,3609.363281,3620.028564,297.958313,297.516693,283.312988,282.630890,6.110500,6.025100,10.582300,10.453500,110.436096,155.788193,110.245003,155.731903,189.831894,189.833206,18.000000,18.000000,150.970306,145.968597,276.818512,275.899200,13.932500,3.794600,1350.000122,341.067688,333.867401
556.119873,181.411697,3609.106445,3619.724121,297.941895,297.500397,283.316193,282.618896,6.111100,6.025000,10.582800,10.454200,109.806198,155.658707,109.697098,155.661407,189.852493,189.853806,18.000000,18.000000,151.060593,145.954102,276.825409,275.897491,13.905300,3.776000,1350.000122,340.633514,333.811310
555.626282,181.416306,3608.861328,3619.599609,297.924286,297.483002,283.319794,282.608002,6.111500,6.023500,10.583200,10.454500,109.275597,155.583893,109.094803,155.522903,189.872803,189.874100,18.000000,18.000000,151.051102,145.875595,276.829590,275.881805,13.877100,3.757500,1350.000122,340.493011,333.749603
555.122925,181.420807,3608.634033,3619.706299,297.906006,297.465302,283.323395,282.597687,6.112200,6.023100,10.583600,10.455000,108.625099,155.391693,108.515404,155.382706,189.893600,189.895004,18.000000,18.000000,151.054001,145.775803,276.837006,275.876099,13.848500,3.739000,1350.000122,340.151886,333.689911
554.593018,181.424698,3608.387451,3619.399902,297.887787,297.447510,283.326508,282.587189,6.112600,6.021900,10.583900,10.455400,108.159103,155.326797,107.995300,155.270996,189.914200,189.915604,18.000000,18.000000,151.135696,145.790695,276.841797,275.864685,13.821800,3.720500,1350.000122,339.729797,333.634796
554.056580,181.431396,3608.147461,3619.319824,297.871185,297.430206,283.329498,282.576691,6.113000,6.020900,10.584100,10.455800,107.507599,155.096298,107.387604,155.068695,189.935196,189.936493,18.000000,18.000000,151.011307,145.567200,276.846008,275.853302,13.794000,3.702000,1350.000122,339.562988,333.572113
553.494629,181.432907,3607.916748,3619.278076,297.852814,297.411987,283.332092,282.565094,6.113500,6.020500,10.584100,10.456200,107.100197,155.039993,106.981796,155.010498,189.955795,189.957199,18.000000,18.000000,151.175705,145.663406,276.851288,275.846893,13.765900,3.682400,1350.000122,339.247711,333.509491
552.892395,181.439499,3607.707275,3619.140869,297.835388,297.394592,283.333893,282.553802,6.113900,6.018800,10.584200,10.456300,106.529900,154.847198,106.394302,154.801407,189.976395,189.977798,18.000000,18.000000,151.016403,145.408600,276.855988,275.830597,13.739600,3.664000,1350.000122,338.877594,333.457001
552.289307,181.439606,3607.486084,3619.027588,297.817596,297.376892,283.335388,282.542297,6.114400,6.018800,10.584000,10.456800,106.118698,154.761902,106.034103,154.753998,189.996902,189.998199,18.000000,18.000000,151.193604,145.516098,276.861115,275.828796,13.712400,3.645400,1350.000122,338.629486,333.397888
551.681580,181.444199,3607.286621,3619.016602,297.799713,297.358490,283.336395,282.530609,6.114700,6.017100,10.583900,10.456800,105.659302,154.627106,105.522102,154.572098,190.016800,190.018097,18.000000,18.000000,151.044907,145.290405,276.864410,275.811096,13.685500,3.627100,1350.000122,338.285889,333.340607
551.069519,181.444305,3607.080078,3618.965576,297.780487,297.339386,283.337311,282.519287,6.115100,6.017000,10.583700,10.457200,105.250999,154.497101,105.185097,154.490402,190.036499,190.037903,18.000000,18.000000,151.171494,145.342697,276.868591,275.810699,13.658400,3.608600,1350.000122,337.981201,333.281586
550.478271,181.446701,3606.882080,3618.838379,297.761902,297.319305,283.337891,282.507813,6.115400,6.015500,10.583400,10.457200,104.925697,154.406403,104.808998,154.351303,190.055603,190.057007,18.000000,18.000000,151.094101,145.207108,276.871796,275.793396,13.631800,3.590100,1350.000122,337.706696,333.226105
549.903809,181.447495,3606.683594,3618.785645,297.740997,297.298798,283.338409,282.496490,6.115700,6.015100,10.583100,10.457600,104.507896,154.217499,104.446503,154.205093,190.074707,190.076004,18.000000,18.000000,151.109497,145.139297,276.874908,275.790588,13.605400,3.571700,1350.000122,337.418488,333.170288
549.346008,181.445908,3606.492432,3618.691406,297.720306,297.278107,283.338593,282.485199,6.115900,6.014200,10.582700,10.457800,104.266602,154.168793,104.171700,154.124802,190.093002,190.094299,18.000000,18.000000,151.157394,145.144302,276.877197,275.778900,13.579100,3.553200,1350.000122,337.134186,333.115112
548.807190,181.447296,3606.302246,3618.638428,297.700012,297.257294,283.338409,282.473907,6.116100,6.013000,10.582400,10.457900,103.847603,153.951202,103.769997,153.917603,190.110992,190.112396,18.000000,18.000000,151.024902,144.927094,276.879486,275.767914,13.553000,3.534800,1350.000122,336.846893,333.058502
548.281006,181.442093,3606.111084,3618.545166,297.679108,297.236511,283.337891,282.462585,6.116400,6.012600,10.581900,10.458200,103.630798,153.898804,103.563499,153.874802,190.128601,190.129898,18.000000,18.000000,151.174103,145.028107,276.882202,275.761688,13.526900,3.516400,1350.000122,336.563690,333.002808
547.767822,181.442307,3605.929199,3618.456299,297.658813,297.215912,283.337006,282.450989,6.116600,6.011200,10.581500,10.458200,103.276299,153.715500,103.195999,153.672806,190.145706,190.147003,18.000000,18.000000,151.032898,144.809006,276.884491,275.748199,13.501100,3.497900,1350.000122,336.285400,332.948395
547.258972,181.436905,3605.758057,3618.401611,297.638000,297.195404,283.335693,282.439392,6.116700,6.011200,10.581000,10.458700,103.056396,153.626907,103.007896,153.608597,190.162399,190.163696,18.000000,18.000000,151.187393,144.917999,276.886200,275.747101,13.475400,3.479500,1350.000122,336.004608,332.892914
546.762329,181.436707,3605.584961,3618.321289,297.618011,297.175415,283.333893,282.427704,6.116500,6.009300,10.580300,10.458600,102.758598,153.459595,102.657204,153.385696,190.178696,190.179993,18.000000,18.000000,150.953796,144.629196,276.882507,275.727112,13.450000,3.461200,1350.000122,335.726898,332.838104
546.272522,181.459595,3605.406738,3618.243408,297.596405,297.153900,283.331696,282.415314,6.116400,6.009400,10.579600,10.459000,102.476402,153.259003,102.463799,153.269104,190.195007,190.196304,18.000000,18.000000,151.045593,144.688004,276.883209,275.728302,13.424600,3.441700,1350.000122,335.433990,332.780212
545.790588,181.455505,3605.246338,3618.170166,297.575989,297.134003,283.329193,282.403595,6.116800,6.007800,10.579100,10.458900,102.358200,153.247604,102.273102,153.189499,190.210297,190.211594,18.000000,18.000000,151.052094,144.634399,276.886414,275.710114,13.399400,3.423300,1350.000122,335.164001,332.726807
545.316772,181.449295,3605.089111,3618.108398,297.556213,297.113892,283.326385,282.391693,6.116900,6.007400,10.578500,10.459300,102.064201,153.046997,102.031898,153.031494,190.225494,190.226700,18.000000,18.000000,151.061096,144.567703,276.888000,275.707214,13.374400,3.405000,1350.000122,334.889099,332.672089
544.852783,181.444794,3604.934326,3618.069580,297.535706,297.093994,283.323486,282.380096,6.116000,6.007000,10.577500,10.459700,101.928299,152.953094,101.861603,152.884796,190.240097,190.241302,18.000000,18.000000,151.013504,144.520599,276.876892,275.701111,13.349500,3.386700,1350.000122,334.621613,332.618195
544.399292,181.435898,3604.784180,3617.997314,297.516388,297.074005,283.320404,282.368500,6.116200,6.005100,10.576900,10.459500,101.615799,152.667892,101.573799,152.645996,190.254898,190.256104,18.000000,18.000000,150.817993,144.286301,276.881287,275.681702,13.324800,3.368400,1350.000122,334.350494,332.563995
543.956909,181.423492,3604.637451,3617.960205,297.495911,297.054108,283.316803,282.356903,6.116100,6.005300,10.576000,10.460000,101.567497,152.678207,101.544800,152.656799,190.268997,190.270203,18.000000,18.000000,151.071198,144.475403,276.877991,275.683197,13.300300,3.350100,1350.000122,334.084198,332.505615
543.522888,181.418198,3604.497070,3617.888672,297.476715,297.034302,283.312988,282.345306,6.115600,6.003500,10.575300,10.459900,101.348503,152.461700,101.277901,152.400101,190.282700,190.283997,18.000000,18.000000,150.800293,144.194397,276.875000,275.663086,13.275900,3.331800,1350.000122,333.815094,332.451904
543.096313,181.405701,3604.353516,3617.835938,297.456512,297.014587,283.308899,282.333893,6.116100,6.003400,10.574700,10.460300,101.218697,152.369400,101.217697,152.369797,190.296295,190.297501,18.000000,18.000000,151.043503,144.357697,276.878906,275.663910,13.251700,3.313600,1350.000122,333.553497,332.400391
542.680725,181.401306,3604.233643,3617.718994,297.439514,296.995392,283.304810,282.322510,6.114900,6.002100,10.573700,10.460400,101.102997,152.236099,101.020599,152.147202,190.309204,190.310394,18.000000,18.000000,150.816299,144.135803,276.866394,275.647614,13.228400,3.295000,1350.000122,333.316315,332.352600
542.265625,181.386993,3604.136475,3617.655518,297.430603,296.977814,283.301788,282.312286,6.115400,6.001300,10.573100,10.460600,100.855103,151.979507,100.865799,151.992493,190.322495,190.323700,18.000000,18.000000,150.849197,144.106903,276.872101,275.640991,13.210100,3.275100,1350.000122,333.138702,332.298187
541.837402,181.377396,3604.065430,3617.640381,297.417389,296.961090,283.298798,282.302704,6.114600,6.000800,10.572100,10.460900,100.875298,151.982101,100.826302,151.919495,190.335007,190.336197,18.000000,18.000000,150.905899,144.144104,276.862610,275.633209,13.195200,3.254300,1350.000122,332.996887,332.240692
541.424927,181.366104,3604.009033,3617.606934,297.403900,296.944885,283.295807,282.293091,6.114600,5.993700,10.571500,10.458300,100.543297,151.698898,100.375504,151.610001,190.347702,190.348907,18.000000,18.000000,150.164398,143.279297,276.864105,275.553894,13.182200,3.233000,1350.000122,332.871490,332.185303
541.062683,181.355698,3603.934570,3617.676025,297.386902,296.928711,283.292511,282.283112,6.115100,5.996900,10.570400,10.459100,100.343002,151.717102,100.537003,151.919296,190.360596,190.361694,18.000000,18.000000,150.954300,143.848206,276.868011,275.596985,13.170300,3.211500,1350.000122,332.744904,332.127289
540.763123,181.542099,3603.891357,3617.670654,297.370514,296.911713,283.289093,282.271606,6.113700,5.994800,10.569200,10.459300,100.777199,152.132507,100.629097,151.960403,190.370102,190.371201,18.000000,18.000000,150.697403,143.688202,276.850800,275.559296,13.159000,3.188600,1350.000122,332.626495,332.069214
540.523315,181.487396,3603.832520,3617.689453,297.354401,296.895508,283.286194,282.264008,6.114100,5.994500,10.568900,10.460700,100.239998,151.466995,100.293900,151.478897,190.380997,190.382095,18.000000,18.000000,150.752396,143.664902,276.859406,275.575104,13.148000,3.166900,1350.000122,332.510101,332.010010
540.335571,181.371201,3603.788574,3617.647217,297.337311,296.879791,283.282990,282.257507,6.113700,5.994200,10.568000,10.461300,100.532402,151.587097,100.469299,151.480392,190.390305,190.391403,18.000000,18.000000,150.839294,143.770599,276.848389,275.554199,13.137100,3.145100,1350.000122,332.403412,331.953003
540.185974,181.303101,3603.740234,3617.669922,297.322205,296.864594,283.279205,282.248810,6.112800,5.992700,10.567400,10.462100,100.106903,150.965302,100.100601,150.910004,190.400406,190.401398,18.000000,18.000000,150.587799,143.481400,276.847412,275.552612,13.126500,3.123400,1350.000122,332.286102,331.892487
540.075073,181.270905,3603.704346,3617.670654,297.306213,296.850586,283.274689,282.239594,6.113300,5.993100,10.566700,10.462700,100.345901,151.036606,100.347900,151.003601,190.410797,190.411896,18.000000,18.000000,150.995697,143.870804,276.845001,275.544098,13.115800,3.101700,1350.000122,332.181091,331.833588
539.986877,181.267303,3603.672852,3617.706787,297.293304,296.838287,283.269592,282.229614,6.111700,5.991000,10.565900,10.463000,100.051903,150.582794,99.988800,150.474594,190.422302,190.423401,18.000000,18.000000,150.487000,143.352402,276.833313,275.531403,13.105300,3.080000,1350.000122,332.071503,331.772888
539.894226,0.000000,3603.748291,3617.820557,297.279999,296.827087,283.264191,282.219299,6.112400,5.991700,10.565200,10.463300,97.882797,148.250900,94.833801,144.360703,190.439102,190.440094,18.000000,18.000000,89.596901,85.419403,276.843109,275.535797,13.094900,3.058300,1350.000122,331.959991,331.710602
466.032196,0.000000,3604.261230,3620.546631,297.194214,296.821411,283.258392,282.208710,6.171300,6.048200,10.534400,10.435900,85.614601,132.451202,82.481598,128.348099,190.213104,190.213699,18.000000,18.000000,35.509899,34.673599,277.731812,276.408600,13.084800,3.042100,1350.000122,331.352509,331.225586
71.229599,0.000000,3605.519043,3620.831787,296.871490,296.797302,283.264801,282.216614,6.289700,6.161900,10.442800,10.351300,72.956001,115.716003,69.766998,111.433601,189.887207,189.887299,18.000000,18.000000,49.011799,45.312199,278.902191,277.551514,13.083700,3.036100,1350.000122,331.182404,331.224396
52.285500,0.000000,3611.175537,3621.921875,297.077911,296.427704,283.398193,282.356689,6.338400,6.211400,10.321100,10.235500,63.002201,99.917099,62.875500,96.273003,189.453094,189.452805,18.000000,18.000000,48.000900,44.099098,279.234192,277.910706,13.088300,3.004900,1350.000122,332.683014,331.780914
49.869999,0.000000,3609.120605,3616.529053,295.514191,294.310211,283.816589,282.802094,6.338100,6.216500,10.194100,10.112900,61.814800,85.804703,61.508202,82.425697,189.140900,189.140106,18.000000,18.000000,35.361801,34.237701,279.254303,277.973511,13.059100,2.951800,1350.000122,332.764893,331.854309
47.985401,0.000000,3603.004883,3609.291748,293.070801,291.431793,284.434814,283.387787,6.366300,6.235300,10.089500,10.005400,60.494202,80.487801,60.161900,79.980400,188.776505,188.775497,18.000000,18.000000,30.866699,30.231600,279.611603,278.214600,13.006500,2.884800,1350.000122,332.172394,331.635498
46.540699,0.000000,3596.443604,3603.086914,290.915985,289.126099,284.929901,283.876495,6.411800,6.270100,10.010700,9.922000,59.155602,78.608597,58.819199,78.148399,188.341003,188.340103,18.000000,18.000000,29.497601,28.888800,280.072815,278.577087,12.941500,2.814800,1350.000122,331.484314,331.171295
45.361198,0.000000,3591.345459,3598.895752,289.305389,287.612213,285.282990,284.254486,6.440200,6.293400,9.940400,9.850600,57.822300,76.784698,57.498199,76.340202,187.995605,187.994705,18.000000,18.000000,30.147600,27.706400,280.312805,278.785614,12.886100,2.749200,1350.000122,330.945404,330.619293
44.377899,0.000000,3587.612793,3596.754395,288.273804,286.760193,285.544312,284.491089,6.447600,6.301000,9.874800,9.785500,56.560699,75.046204,56.248001,75.269897,187.643204,187.642303,18.000000,18.000000,28.701900,24.568001,280.358185,278.838593,12.848800,2.690400,1350.000122,330.610413,329.909088
43.534000,0.000000,3586.112061,3597.004395,287.700195,286.380615,285.654205,284.509796,6.443600,6.299200,9.814900,9.725200,55.263302,82.520599,54.951698,84.670403,187.310303,187.309494,18.000000,18.000000,24.557301,20.269199,280.302887,278.808105,12.826000,2.639200,1350.000122,330.429108,329.507202
42.790100,0.000000,3586.720947,3600.465576,287.366486,286.259003,285.571411,284.289215,6.434800,6.291800,9.759100,9.668400,53.895199,91.079498,53.530300,93.175400,186.933502,186.932999,18.000000,18.000000,19.321800,15.736000,280.209015,278.721893,12.814400,2.596200,1350.000122,330.370605,329.185913
42.120701,0.000000,3588.846191,3605.838135,287.188995,286.254211,285.358795,283.939789,6.426500,6.281400,9.707200,9.614900,58.241901,99.246399,59.842300,101.332100,186.552200,186.551804,18.000000,18.000000,14.300700,11.688000,280.133087,278.610809,12.811400,2.560100,1350.000122,330.401611,329.008392
41.509300,0.000000,3591.785400,3612.337158,287.036713,286.269012,285.122589,283.634491,6.422400,6.269700,9.660500,9.565300,65.002296,107.954300,66.814697,110.268997,186.052200,186.052002,18.000000,18.000000,11.641800,9.693200,280.091797,278.480194,12.810900,2.533200,1350.000122,328.436615,329.557404
40.945400,0.000000,3594.895752,3613.627930,286.769196,286.214691,284.946411,283.505615,6.415100,6.253500,9.617100,9.521200,72.307198,117.118896,74.114098,119.541901,185.583694,185.583603,18.000000,18.000000,9.946100,8.509100,280.001007,278.320892,12.796300,2.511900,1350.000122,328.513885,328.849213
40.422699,0.000000,3594.532959,3610.437256,286.688202,286.061310,284.933014,283.650513,6.406900,6.257700,9.583500,9.505800,78.354599,126.215302,80.230797,127.980003,184.984604,184.984604,18.000000,18.000000,8.934900,8.418900,279.958710,278.422394,12.787800,2.487000,1350.000122,328.862000,329.290985
39.936600,0.000000,3590.920654,3606.944336,286.707306,285.838715,285.139709,283.971497,6.423800,6.288400,9.589000,9.540700,84.895599,130.977402,86.063797,131.020599,184.419998,184.419998,18.000000,18.000000,11.777400,11.043400,280.180786,278.760712,12.772500,2.454900,1350.000122,328.944092,329.240601
39.483200,0.000000,3590.077393,3604.822998,286.412506,285.617889,285.319611,283.951508,6.450200,6.307800,9.636400,9.610300,87.619904,128.280106,87.363998,126.287300,183.857498,183.857498,18.000000,18.000000,17.424500,14.220100,280.404907,278.936890,12.752000,2.424900,1350.000122,328.519196,328.970612
39.057999,0.000000,3592.036377,3609.025146,286.215515,285.477509,285.048889,283.564209,6.452800,6.310800,9.713800,9.704900,83.711098,117.257103,81.418198,114.497299,183.347595,183.347595,18.000000,18.000000,20.396601,15.592700,280.394287,278.931213,12.735200,2.396800,1350.000122,328.287201,328.841187
38.656300,0.000000,3596.375488,3612.373291,286.222992,285.473907,284.599304,283.312988,6.440100,6.304800,9.811700,9.812200,73.707001,103.767197,70.765297,100.521896,182.780502,182.780594,18.000000,18.000000,18.864100,14.479400,280.255890,278.865509,12.720400,2.368400,1350.000122,328.158386,328.752808
38.273300,0.000000,3598.083740,3612.911621,286.317902,285.551300,284.398590,283.297699,6.435300,6.300600,9.928700,9.928200,59.211700,87.624496,56.378799,84.428802,182.275406,182.275497,18.000000,18.000000,15.124100,11.999900,280.229401,278.833405,12.701200,2.337000,1350.000122,328.129791,328.841797
37.905300,0.000000,3599.074951,3608.062500,286.333099,285.510590,284.403503,283.322388,6.463800,6.310400,10.045000,10.030900,49.240299,74.904900,50.287800,71.690201,181.921600,181.921906,18.000000,18.000000,15.278300,11.896800,280.505707,278.922089,12.684000,2.303700,1350.000122,328.253510,329.133087
37.552898,0.000000,3599.094238,3611.929199,286.104401,285.316498,284.300812,283.274811,6.471000,6.331800,10.147900,10.126300,48.910900,68.753304,48.667702,68.271400,181.565796,181.566299,18.000000,18.000000,20.914301,14.598400,280.608002,279.158905,12.660800,2.274700,1350.000122,327.413300,328.016998
37.217800,0.000000,3602.405029,3614.710938,285.790985,285.113312,283.990997,283.110291,6.449200,6.320700,10.228700,10.196000,47.721298,67.223701,47.420300,66.880402,181.222504,181.223007,18.000000,18.000000,20.861099,14.501900,280.389496,279.053589,12.650000,2.249300,1350.000122,327.265991,328.079407
36.898399,0.000000,3604.355957,3615.315430,285.757904,284.990204,283.812714,282.870697,6.452000,6.307400,10.303600,10.245800,46.578098,65.874603,46.294899,65.546097,180.944199,180.944794,18.000000,18.000000,16.284100,11.745000,280.397797,278.904785,12.636700,2.219900,1350.000122,327.383087,328.234711
36.591400,0.000000,3604.718506,3610.218506,285.788513,284.910614,283.882904,282.884186,6.483800,6.326600,10.375300,10.290700,45.448700,64.556602,45.164902,64.222504,180.620407,180.621002,18.000000,18.000000,17.457399,12.005200,280.716003,279.083801,12.616900,2.185700,1350.000122,327.553314,328.346588
36.295200,0.000000,3604.352783,3615.731201,285.533905,284.792206,283.840393,283.055786,6.481600,6.352800,10.417700,10.326100,44.328602,63.200001,44.059502,62.861900,180.306793,180.307602,18.000000,18.000000,22.936199,14.728800,280.723389,279.378387,12.596800,2.159900,0.000000,326.457214,327.287109
36.009701,0.000000,3601.715332,3617.198730,285.073212,284.619904,283.610413,282.950012,6.453100,6.338700,10.430900,10.325000,43.291801,61.881199,43.043800,61.567402,180.002502,180.003296,18.000000,18.000000,21.272100,14.033800,280.420197,279.245392,12.589100,2.138800,0.000000,326.756012,328.237091
35.735298,0.000000,3606.849609,3613.167236,285.269806,284.485992,283.561310,282.724701,6.473400,6.324500,10.441800,10.297700,42.293301,60.658699,42.041500,60.361099,179.706497,179.707306,18.000000,18.000000,17.272400,11.738200,280.612000,279.078888,12.572500,2.109000,0.000000,326.782715,327.892700
35.471001,0.000000,3605.649414,3614.480469,285.330505,284.441895,283.598785,282.799286,6.493000,6.347700,10.435000,10.271000,41.287899,59.456402,41.038898,59.150799,179.417892,179.418793,18.000000,18.000000,19.997299,12.493400,280.820496,279.312714,12.550900,2.076600,0.000000,326.550110,327.536194
35.214600,0.000000,3607.629395,3613.879395,285.132111,284.391510,283.393402,282.958008,6.485700,6.362400,10.403200,10.235200,40.308498,58.233501,40.073399,57.931301,179.137207,179.138199,18.000000,18.000000,23.181400,14.063600,280.763397,279.477112,12.530000,2.049400,0.000000,325.984589,327.079590
34.965599,0.000000,3609.017822,3616.939941,285.007111,284.280609,283.148712,282.655701,6.473300,6.353000,10.355700,10.180200,39.389900,57.047699,39.166500,56.763100,178.863800,178.864807,18.000000,18.000000,21.749300,13.588000,280.628113,279.390686,12.513900,2.022100,0.000000,325.943512,327.115509
34.724998,0.000000,3610.880127,3619.236816,284.984985,284.199188,283.046509,282.292389,6.472400,6.348200,10.303900,10.118400,38.506001,55.902500,38.289600,55.488998,178.596695,178.597702,18.000000,18.000000,18.846001,11.646400,280.613586,279.329315,12.495700,1.992300,0.000000,325.931091,327.205292
34.492199,0.000000,3611.323730,3622.276123,284.888489,284.160797,282.974487,282.122101,6.475700,6.350100,10.244300,10.054400,37.643600,54.440300,37.431099,54.087002,178.336197,178.337204,18.000000,18.000000,18.316601,11.063200,280.648712,279.352295,12.475200,1.962800,0.000000,325.541901,326.949188
34.265701,0.000000,3612.099609,3622.692627,284.791107,284.063385,282.873505,282.069000,6.472600,6.350400,10.183100,9.995100,36.804199,53.062698,36.598801,52.726398,178.082901,178.084106,18.000000,18.000000,18.270500,10.898500,280.615387,279.354492,12.457400,1.935400,0.000000,325.358093,326.784790
34.045700,0.000000,3612.676758,3623.681641,284.608490,283.886810,282.790405,281.955414,6.470800,6.349600,10.124000,9.939800,35.992001,51.732399,35.792500,51.406799,177.836197,177.837402,18.000000,18.000000,18.095800,10.976200,280.598785,279.346100,12.439300,1.908200,0.000000,325.154694,326.627594
33.833199,0.000000,3613.020508,3624.502441,284.426910,283.717499,282.733612,281.877686,6.470000,6.350000,10.070100,9.890800,35.202599,50.444801,35.008701,50.129002,177.594696,177.595993,18.000000,18.000000,17.900400,10.893600,280.590210,279.351288,12.421300,1.881500,0.000000,324.937103,326.466705
33.627602,0.000000,3613.160889,3625.136719,284.272491,283.587006,282.695007,281.821991,6.468200,6.349600,10.022100,9.848400,34.435501,49.196800,34.247299,48.891300,177.358200,177.359497,18.000000,18.000000,17.812000,10.890700,280.570892,279.345093,12.403700,1.855800,0.000000,324.708313,326.300995
33.428001,0.000000,3613.318115,3625.612305,284.127899,283.475800,282.653595,281.791107,6.465300,6.347400,9.980600,9.812900,33.691502,47.990101,33.509102,47.694901,177.128906,177.130295,18.000000,18.000000,17.394300,10.673400,280.540588,279.322113,12.386900,1.831300,0.000000,324.477997,326.139893
33.233799,0.000000,3613.577637,3625.877441,283.989899,283.376495,282.606598,281.783813,6.462700,6.344800,9.946200,9.785200,32.969700,46.823799,32.788601,47.000198,176.903900,176.905304,18.000000,18.000000,16.841900,10.388700,280.513611,279.294312,12.371100,1.808300,0.000000,324.250397,325.982788
33.045101,0.000000,3613.905518,3625.994873,283.866699,283.295288,282.558685,281.795990,6.459500,6.341800,9.918900,9.765700,32.236698,51.099602,32.058899,52.079800,176.674500,176.675797,18.000000,18.000000,16.322701,10.134300,280.480591,279.263000,12.356300,1.786900,0.000000,324.028687,325.823608
32.861301,0.000000,3614.222656,3625.969727,283.755798,283.230499,282.516205,281.828705,6.456100,6.339200,9.899100,9.755500,31.533701,54.737999,31.362400,55.389999,176.434097,176.435394,18.000000,18.000000,15.800400,9.926600,280.445801,279.235992,12.342600,1.767300,0.000000,323.816895,325.680115
